SECUCODE,SECURITY_CODE,SECURITY_NAME_ABBR,ORG_CODE,REPORT_DATE,DATE_TYPE_CODE,FISCAL_YEAR,STD_ITEM_CODE,STD_ITEM_NAME,AMOUNT,STD_REPORT_DATE
09888.HK,09888,百度集团-SW,10088143,2024-12-31 00:00:00,001,12-31,004001001,固定资产,30102000000.0,2024-12-31 00:00:00
09888.HK,09888,百度集团-SW,10088143,2024-12-31 00:00:00,001,12-31,004001004,无形资产,7702000000.0,2024-12-31 00:00:00
09888.HK,09888,百度集团-SW,10088143,2024-12-31 00:00:00,001,12-31,004001005,商誉,22586000000.0,2024-12-31 00:00:00
09888.HK,09888,百度集团-SW,10088143,2024-12-31 00:00:00,001,12-31,004001009,递延税项资产,2193000000.0,2024-12-31 00:00:00
09888.HK,09888,百度集团-SW,10088143,2024-12-31 00:00:00,001,12-31,004001011,长期应收款,13684000000.0,2024-12-31 00:00:00
09888.HK,09888,百度集团-SW,10088143,2024-12-31 00:00:00,001,12-31,004001017,长期投资,41721000000.0,2024-12-31 00:00:00
09888.HK,09888,百度集团-SW,10088143,2024-12-31 00:00:00,001,12-31,004001030,中长期存款,98535000000.0,2024-12-31 00:00:00
09888.HK,09888,百度集团-SW,10088143,2024-12-31 00:00:00,001,12-31,004001997,非流动资产其他项目,42408000000.0,2024-12-31 00:00:00
09888.HK,09888,百度集团-SW,10088143,2024-12-31 00:00:00,001,12-31,004001999,非流动资产合计,258931000000.0,2024-12-31 00:00:00
09888.HK,09888,百度集团-SW,10088143,2024-12-31 00:00:00,001,12-31,004002003,应收帐款,10104000000.0,2024-12-31 00:00:00
09888.HK,09888,百度集团-SW,10088143,2024-12-31 00:00:00,001,12-31,004002006,应收关联方款项,790000000.0,2024-12-31 00:00:00
09888.HK,09888,百度集团-SW,10088143,2024-12-31 00:00:00,001,12-31,004002008,短期投资,102608000000.0,2024-12-31 00:00:00
09888.HK,09888,百度集团-SW,10088143,2024-12-31 00:00:00,001,12-31,004002009,受限制存款及现金,11697000000.0,2024-12-31 00:00:00
09888.HK,09888,百度集团-SW,10088143,2024-12-31 00:00:00,001,12-31,004002010,现金及等价物,24832000000.0,2024-12-31 00:00:00
09888.HK,09888,百度集团-SW,10088143,2024-12-31 00:00:00,001,12-31,004002997,流动资产其他项目,18818000000.0,2024-12-31 00:00:00
09888.HK,09888,百度集团-SW,10088143,2024-12-31 00:00:00,001,12-31,004002999,流动资产合计,168849000000.0,2024-12-31 00:00:00
09888.HK,09888,百度集团-SW,10088143,2024-12-31 00:00:00,001,12-31,004009999,总资产,427780000000.0,2024-12-31 00:00:00
09888.HK,09888,百度集团-SW,10088143,2024-12-31 00:00:00,001,12-31,004011001,应付帐款,41443000000.0,2024-12-31 00:00:00
09888.HK,09888,百度集团-SW,10088143,2024-12-31 00:00:00,001,12-31,004011002,应付票据,8268000000.0,2024-12-31 00:00:00
09888.HK,09888,百度集团-SW,10088143,2024-12-31 00:00:00,001,12-31,004011005,应付关联方款项(流动),1794000000.0,2024-12-31 00:00:00
09888.HK,09888,百度集团-SW,10088143,2024-12-31 00:00:00,001,12-31,004011006,融资租赁负债(流动),3303000000.0,2024-12-31 00:00:00
09888.HK,09888,百度集团-SW,10088143,2024-12-31 00:00:00,001,12-31,004011007,递延收入(流动),684000000.0,2024-12-31 00:00:00
09888.HK,09888,百度集团-SW,10088143,2024-12-31 00:00:00,001,12-31,004011009,预收款项,14624000000.0,2024-12-31 00:00:00
09888.HK,09888,百度集团-SW,10088143,2024-12-31 00:00:00,001,12-31,004011010,短期贷款,10837000000.0,2024-12-31 00:00:00
09888.HK,09888,百度集团-SW,10088143,2024-12-31 00:00:00,001,12-31,004011999,流动负债合计,80953000000.0,2024-12-31 00:00:00
09888.HK,09888,百度集团-SW,10088143,2024-12-31 00:00:00,001,12-31,004013999,净流动资产,87896000000.0,2024-12-31 00:00:00
09888.HK,09888,百度集团-SW,10088143,2024-12-31 00:00:00,001,12-31,004015999,总资产减流动负债,346827000000.0,2024-12-31 00:00:00
09888.HK,09888,百度集团-SW,10088143,2024-12-31 00:00:00,001,12-31,004020001,长期贷款,15596000000.0,2024-12-31 00:00:00
09888.HK,09888,百度集团-SW,10088143,2024-12-31 00:00:00,001,12-31,004020003,递延税项负债,3870000000.0,2024-12-31 00:00:00
09888.HK,09888,百度集团-SW,10088143,2024-12-31 00:00:00,001,12-31,004020004,应付关联方款项(非流动),56000000.0,2024-12-31 00:00:00
09888.HK,09888,百度集团-SW,10088143,2024-12-31 00:00:00,001,12-31,004020005,融资租赁负债(非流动),4973000000.0,2024-12-31 00:00:00
09888.HK,09888,百度集团-SW,10088143,2024-12-31 00:00:00,001,12-31,004020006,递延收入(非流动),816000000.0,2024-12-31 00:00:00
09888.HK,09888,百度集团-SW,10088143,2024-12-31 00:00:00,001,12-31,004020007,可转换票据及债券,8351000000.0,2024-12-31 00:00:00
09888.HK,09888,百度集团-SW,10088143,2024-12-31 00:00:00,001,12-31,004020010,其他非流动负债,1557000000.0,2024-12-31 00:00:00
09888.HK,09888,百度集团-SW,10088143,2024-12-31 00:00:00,001,12-31,004020018,应付票据(非流动),27996000000.0,2024-12-31 00:00:00
09888.HK,09888,百度集团-SW,10088143,2024-12-31 00:00:00,001,12-31,004020999,非流动负债合计,63215000000.0,2024-12-31 00:00:00
09888.HK,09888,百度集团-SW,10088143,2024-12-31 00:00:00,001,12-31,004025999,总负债,144168000000.0,2024-12-31 00:00:00
09888.HK,09888,百度集团-SW,10088143,2024-12-31 00:00:00,001,12-31,004027999,少数股东权益,19992000000.0,2024-12-31 00:00:00
09888.HK,09888,百度集团-SW,10088143,2024-12-31 00:00:00,001,12-31,004028999,净资产,283612000000.0,2024-12-31 00:00:00
09888.HK,09888,百度集团-SW,10088143,2024-12-31 00:00:00,001,12-31,004030997,股东权益其他项目,263620000000.0,2024-12-31 00:00:00
09888.HK,09888,百度集团-SW,10088143,2024-12-31 00:00:00,001,12-31,004030999,股东权益,263620000000.0,2024-12-31 00:00:00
09888.HK,09888,百度集团-SW,10088143,2024-12-31 00:00:00,001,12-31,004036999,总权益,283612000000.0,2024-12-31 00:00:00
09888.HK,09888,百度集团-SW,10088143,2024-12-31 00:00:00,001,12-31,004037999,总权益及非流动负债,346827000000.0,2024-12-31 00:00:00
09888.HK,09888,百度集团-SW,10088143,2024-12-31 00:00:00,001,12-31,004039999,总权益及总负债,427780000000.0,2024-12-31 00:00:00
09888.HK,09888,百度集团-SW,10088143,2024-12-31 00:00:00,001,12-31,004060999,非运算项目,273742000000.0,2024-12-31 00:00:00
09888.HK,09888,百度集团-SW,10088143,2023-12-31 00:00:00,001,12-31,004001001,固定资产,27960000000.0,2023-12-31 00:00:00
09888.HK,09888,百度集团-SW,10088143,2023-12-31 00:00:00,001,12-31,004001004,无形资产,7848000000.0,2023-12-31 00:00:00
09888.HK,09888,百度集团-SW,10088143,2023-12-31 00:00:00,001,12-31,004001005,商誉,22586000000.0,2023-12-31 00:00:00
09888.HK,09888,百度集团-SW,10088143,2023-12-31 00:00:00,001,12-31,004001009,递延税项资产,2100000000.0,2023-12-31 00:00:00
09888.HK,09888,百度集团-SW,10088143,2023-12-31 00:00:00,001,12-31,004001010,预付款项,13198000000.0,2023-12-31 00:00:00
09888.HK,09888,百度集团-SW,10088143,2023-12-31 00:00:00,001,12-31,004001011,长期应收款,195000000.0,2023-12-31 00:00:00
09888.HK,09888,百度集团-SW,10088143,2023-12-31 00:00:00,001,12-31,004001017,长期投资,47957000000.0,2023-12-31 00:00:00
09888.HK,09888,百度集团-SW,10088143,2023-12-31 00:00:00,001,12-31,004001030,中长期存款,24666000000.0,2023-12-31 00:00:00
09888.HK,09888,百度集团-SW,10088143,2023-12-31 00:00:00,001,12-31,004001997,非流动资产其他项目,29994000000.0,2023-12-31 00:00:00
09888.HK,09888,百度集团-SW,10088143,2023-12-31 00:00:00,001,12-31,004001999,非流动资产合计,176504000000.0,2023-12-31 00:00:00
09888.HK,09888,百度集团-SW,10088143,2023-12-31 00:00:00,001,12-31,004002003,应收帐款,10848000000.0,2023-12-31 00:00:00
09888.HK,09888,百度集团-SW,10088143,2023-12-31 00:00:00,001,12-31,004002006,应收关联方款项,1424000000.0,2023-12-31 00:00:00
09888.HK,09888,百度集团-SW,10088143,2023-12-31 00:00:00,001,12-31,004002008,短期投资,168670000000.0,2023-12-31 00:00:00
09888.HK,09888,百度集团-SW,10088143,2023-12-31 00:00:00,001,12-31,004002009,受限制存款及现金,11503000000.0,2023-12-31 00:00:00
09888.HK,09888,百度集团-SW,10088143,2023-12-31 00:00:00,001,12-31,004002010,现金及等价物,25231000000.0,2023-12-31 00:00:00
09888.HK,09888,百度集团-SW,10088143,2023-12-31 00:00:00,001,12-31,004002997,流动资产其他项目,12579000000.0,2023-12-31 00:00:00
09888.HK,09888,百度集团-SW,10088143,2023-12-31 00:00:00,001,12-31,004002999,流动资产合计,230255000000.0,2023-12-31 00:00:00
09888.HK,09888,百度集团-SW,10088143,2023-12-31 00:00:00,001,12-31,004009999,总资产,406759000000.0,2023-12-31 00:00:00
09888.HK,09888,百度集团-SW,10088143,2023-12-31 00:00:00,001,12-31,004011001,应付帐款,37717000000.0,2023-12-31 00:00:00
09888.HK,09888,百度集团-SW,10088143,2023-12-31 00:00:00,001,12-31,004011002,应付票据,8831000000.0,2023-12-31 00:00:00
09888.HK,09888,百度集团-SW,10088143,2023-12-31 00:00:00,001,12-31,004011005,应付关联方款项(流动),1603000000.0,2023-12-31 00:00:00
09888.HK,09888,百度集团-SW,10088143,2023-12-31 00:00:00,001,12-31,004011006,融资租赁负债(流动),3108000000.0,2023-12-31 00:00:00
09888.HK,09888,百度集团-SW,10088143,2023-12-31 00:00:00,001,12-31,004011007,递延收入(流动),306000000.0,2023-12-31 00:00:00
09888.HK,09888,百度集团-SW,10088143,2023-12-31 00:00:00,001,12-31,004011009,预收款项,14627000000.0,2023-12-31 00:00:00
09888.HK,09888,百度集团-SW,10088143,2023-12-31 00:00:00,001,12-31,004011010,短期贷款,10259000000.0,2023-12-31 00:00:00
09888.HK,09888,百度集团-SW,10088143,2023-12-31 00:00:00,001,12-31,004011999,流动负债合计,76451000000.0,2023-12-31 00:00:00
09888.HK,09888,百度集团-SW,10088143,2023-12-31 00:00:00,001,12-31,004013999,净流动资产,153804000000.0,2023-12-31 00:00:00
09888.HK,09888,百度集团-SW,10088143,2023-12-31 00:00:00,001,12-31,004015999,总资产减流动负债,330308000000.0,2023-12-31 00:00:00
09888.HK,09888,百度集团-SW,10088143,2023-12-31 00:00:00,001,12-31,004020001,长期贷款,14223000000.0,2023-12-31 00:00:00
09888.HK,09888,百度集团-SW,10088143,2023-12-31 00:00:00,001,12-31,004020003,递延税项负债,2725000000.0,2023-12-31 00:00:00
09888.HK,09888,百度集团-SW,10088143,2023-12-31 00:00:00,001,12-31,004020004,应付关联方款项(非流动),77000000.0,2023-12-31 00:00:00
09888.HK,09888,百度集团-SW,10088143,2023-12-31 00:00:00,001,12-31,004020005,融资租赁负债(非流动),5040000000.0,2023-12-31 00:00:00
09888.HK,09888,百度集团-SW,10088143,2023-12-31 00:00:00,001,12-31,004020006,递延收入(非流动),681000000.0,2023-12-31 00:00:00
09888.HK,09888,百度集团-SW,10088143,2023-12-31 00:00:00,001,12-31,004020007,可转换票据及债券,8144000000.0,2023-12-31 00:00:00
09888.HK,09888,百度集团-SW,10088143,2023-12-31 00:00:00,001,12-31,004020018,应付票据(非流动),34990000000.0,2023-12-31 00:00:00
09888.HK,09888,百度集团-SW,10088143,2023-12-31 00:00:00,001,12-31,004020997,非流动负债其他项目,1820000000.0,2023-12-31 00:00:00
09888.HK,09888,百度集团-SW,10088143,2023-12-31 00:00:00,001,12-31,004020999,非流动负债合计,67700000000.0,2023-12-31 00:00:00
09888.HK,09888,百度集团-SW,10088143,2023-12-31 00:00:00,001,12-31,004025999,总负债,144151000000.0,2023-12-31 00:00:00
09888.HK,09888,百度集团-SW,10088143,2023-12-31 00:00:00,001,12-31,004027999,少数股东权益,18982000000.0,2023-12-31 00:00:00
09888.HK,09888,百度集团-SW,10088143,2023-12-31 00:00:00,001,12-31,004028999,净资产,262608000000.0,2023-12-31 00:00:00
09888.HK,09888,百度集团-SW,10088143,2023-12-31 00:00:00,001,12-31,004030004,保留溢利(累计亏损),161240000000.0,2023-12-31 00:00:00
09888.HK,09888,百度集团-SW,10088143,2023-12-31 00:00:00,001,12-31,004030005,公积金,87099000000.0,2023-12-31 00:00:00
09888.HK,09888,百度集团-SW,10088143,2023-12-31 00:00:00,001,12-31,004030012,库存股,-3818000000.0,2023-12-31 00:00:00
09888.HK,09888,百度集团-SW,10088143,2023-12-31 00:00:00,001,12-31,004030013,其他综合性收益,-895000000.0,2023-12-31 00:00:00
09888.HK,09888,百度集团-SW,10088143,2023-12-31 00:00:00,001,12-31,004030999,股东权益,243626000000.0,2023-12-31 00:00:00
09888.HK,09888,百度集团-SW,10088143,2023-12-31 00:00:00,001,12-31,004036999,总权益,262608000000.0,2023-12-31 00:00:00
09888.HK,09888,百度集团-SW,10088143,2023-12-31 00:00:00,001,12-31,004037999,总权益及非流动负债,330308000000.0,2023-12-31 00:00:00
09888.HK,09888,百度集团-SW,10088143,2023-12-31 00:00:00,001,12-31,004039999,总权益及总负债,406759000000.0,2023-12-31 00:00:00
09888.HK,09888,百度集团-SW,10088143,2023-12-31 00:00:00,001,12-31,004060999,非运算项目,253143000000.0,2023-12-31 00:00:00
09888.HK,09888,百度集团-SW,10088143,2022-12-31 00:00:00,001,12-31,004001001,固定资产,23973000000.0,2022-12-31 00:00:00
09888.HK,09888,百度集团-SW,10088143,2022-12-31 00:00:00,001,12-31,004001004,无形资产,8095000000.0,2022-12-31 00:00:00
09888.HK,09888,百度集团-SW,10088143,2022-12-31 00:00:00,001,12-31,004001005,商誉,22477000000.0,2022-12-31 00:00:00
09888.HK,09888,百度集团-SW,10088143,2022-12-31 00:00:00,001,12-31,004001009,递延税项资产,2129000000.0,2022-12-31 00:00:00
09888.HK,09888,百度集团-SW,10088143,2022-12-31 00:00:00,001,12-31,004001011,长期应收款,60000000.0,2022-12-31 00:00:00
09888.HK,09888,百度集团-SW,10088143,2022-12-31 00:00:00,001,12-31,004001017,长期投资,55297000000.0,2022-12-31 00:00:00
09888.HK,09888,百度集团-SW,10088143,2022-12-31 00:00:00,001,12-31,004001030,中长期存款,23629000000.0,2022-12-31 00:00:00
09888.HK,09888,百度集团-SW,10088143,2022-12-31 00:00:00,001,12-31,004001997,非流动资产其他项目,42463000000.0,2022-12-31 00:00:00
09888.HK,09888,百度集团-SW,10088143,2022-12-31 00:00:00,001,12-31,004001999,非流动资产合计,178123000000.0,2022-12-31 00:00:00
09888.HK,09888,百度集团-SW,10088143,2022-12-31 00:00:00,001,12-31,004002003,应收帐款,11733000000.0,2022-12-31 00:00:00
09888.HK,09888,百度集团-SW,10088143,2022-12-31 00:00:00,001,12-31,004002006,应收关联方款项,5432000000.0,2022-12-31 00:00:00
09888.HK,09888,百度集团-SW,10088143,2022-12-31 00:00:00,001,12-31,004002008,短期投资,120839000000.0,2022-12-31 00:00:00
09888.HK,09888,百度集团-SW,10088143,2022-12-31 00:00:00,001,12-31,004002009,受限制存款及现金,11330000000.0,2022-12-31 00:00:00
09888.HK,09888,百度集团-SW,10088143,2022-12-31 00:00:00,001,12-31,004002010,现金及等价物,53156000000.0,2022-12-31 00:00:00
09888.HK,09888,百度集团-SW,10088143,2022-12-31 00:00:00,001,12-31,004002997,流动资产其他项目,10360000000.0,2022-12-31 00:00:00
09888.HK,09888,百度集团-SW,10088143,2022-12-31 00:00:00,001,12-31,004002999,流动资产合计,212850000000.0,2022-12-31 00:00:00
09888.HK,09888,百度集团-SW,10088143,2022-12-31 00:00:00,001,12-31,004009999,总资产,390973000000.0,2022-12-31 00:00:00
09888.HK,09888,百度集团-SW,10088143,2022-12-31 00:00:00,001,12-31,004011001,应付帐款,38014000000.0,2022-12-31 00:00:00
09888.HK,09888,百度集团-SW,10088143,2022-12-31 00:00:00,001,12-31,004011002,应付票据,15209000000.0,2022-12-31 00:00:00
09888.HK,09888,百度集团-SW,10088143,2022-12-31 00:00:00,001,12-31,004011005,应付关联方款项(流动),5067000000.0,2022-12-31 00:00:00
09888.HK,09888,百度集团-SW,10088143,2022-12-31 00:00:00,001,12-31,004011006,融资租赁负债(流动),2809000000.0,2022-12-31 00:00:00
09888.HK,09888,百度集团-SW,10088143,2022-12-31 00:00:00,001,12-31,004011007,递延收入(流动),72000000.0,2022-12-31 00:00:00
09888.HK,09888,百度集团-SW,10088143,2022-12-31 00:00:00,001,12-31,004011009,预收款项,13116000000.0,2022-12-31 00:00:00
09888.HK,09888,百度集团-SW,10088143,2022-12-31 00:00:00,001,12-31,004011010,短期贷款,5343000000.0,2022-12-31 00:00:00
09888.HK,09888,百度集团-SW,10088143,2022-12-31 00:00:00,001,12-31,004011999,流动负债合计,79630000000.0,2022-12-31 00:00:00
09888.HK,09888,百度集团-SW,10088143,2022-12-31 00:00:00,001,12-31,004013999,净流动资产,133220000000.0,2022-12-31 00:00:00
09888.HK,09888,百度集团-SW,10088143,2022-12-31 00:00:00,001,12-31,004015999,总资产减流动负债,311343000000.0,2022-12-31 00:00:00
09888.HK,09888,百度集团-SW,10088143,2022-12-31 00:00:00,001,12-31,004020001,长期贷款,13722000000.0,2022-12-31 00:00:00
09888.HK,09888,百度集团-SW,10088143,2022-12-31 00:00:00,001,12-31,004020003,递延税项负债,2898000000.0,2022-12-31 00:00:00
09888.HK,09888,百度集团-SW,10088143,2022-12-31 00:00:00,001,12-31,004020004,应付关联方款项(非流动),99000000.0,2022-12-31 00:00:00
09888.HK,09888,百度集团-SW,10088143,2022-12-31 00:00:00,001,12-31,004020005,融资租赁负债(非流动),4810000000.0,2022-12-31 00:00:00
09888.HK,09888,百度集团-SW,10088143,2022-12-31 00:00:00,001,12-31,004020006,递延收入(非流动),490000000.0,2022-12-31 00:00:00
09888.HK,09888,百度集团-SW,10088143,2022-12-31 00:00:00,001,12-31,004020007,可转换票据及债券,9568000000.0,2022-12-31 00:00:00
09888.HK,09888,百度集团-SW,10088143,2022-12-31 00:00:00,001,12-31,004020018,应付票据(非流动),39893000000.0,2022-12-31 00:00:00
09888.HK,09888,百度集团-SW,10088143,2022-12-31 00:00:00,001,12-31,004020997,非流动负债其他项目,2058000000.0,2022-12-31 00:00:00
09888.HK,09888,百度集团-SW,10088143,2022-12-31 00:00:00,001,12-31,004020999,非流动负债合计,73538000000.0,2022-12-31 00:00:00
09888.HK,09888,百度集团-SW,10088143,2022-12-31 00:00:00,001,12-31,004025999,总负债,153168000000.0,2022-12-31 00:00:00
09888.HK,09888,百度集团-SW,10088143,2022-12-31 00:00:00,001,12-31,004027999,少数股东权益,14327000000.0,2022-12-31 00:00:00
09888.HK,09888,百度集团-SW,10088143,2022-12-31 00:00:00,001,12-31,004028999,净资产,237805000000.0,2022-12-31 00:00:00
09888.HK,09888,百度集团-SW,10088143,2022-12-31 00:00:00,001,12-31,004030004,保留溢利(累计亏损),148341000000.0,2022-12-31 00:00:00
09888.HK,09888,百度集团-SW,10088143,2022-12-31 00:00:00,001,12-31,004030005,公积金,79855000000.0,2022-12-31 00:00:00
09888.HK,09888,百度集团-SW,10088143,2022-12-31 00:00:00,001,12-31,004030012,库存股,-5264000000.0,2022-12-31 00:00:00
09888.HK,09888,百度集团-SW,10088143,2022-12-31 00:00:00,001,12-31,004030013,其他综合性收益,546000000.0,2022-12-31 00:00:00
09888.HK,09888,百度集团-SW,10088143,2022-12-31 00:00:00,001,12-31,004030999,股东权益,223478000000.0,2022-12-31 00:00:00
09888.HK,09888,百度集团-SW,10088143,2022-12-31 00:00:00,001,12-31,004036999,总权益,237805000000.0,2022-12-31 00:00:00
09888.HK,09888,百度集团-SW,10088143,2022-12-31 00:00:00,001,12-31,004037999,总权益及非流动负债,311343000000.0,2022-12-31 00:00:00
09888.HK,09888,百度集团-SW,10088143,2022-12-31 00:00:00,001,12-31,004039999,总权益及总负债,390973000000.0,2022-12-31 00:00:00
09888.HK,09888,百度集团-SW,10088143,2022-12-31 00:00:00,001,12-31,004060999,非运算项目,229412000000.0,2022-12-31 00:00:00
09888.HK,09888,百度集团-SW,10088143,2021-12-31 00:00:00,001,12-31,004001001,固定资产,23027000000.0,2021-12-31 00:00:00
09888.HK,09888,百度集团-SW,10088143,2021-12-31 00:00:00,001,12-31,004001004,无形资产,8947000000.0,2021-12-31 00:00:00
09888.HK,09888,百度集团-SW,10088143,2021-12-31 00:00:00,001,12-31,004001005,商誉,22605000000.0,2021-12-31 00:00:00
09888.HK,09888,百度集团-SW,10088143,2021-12-31 00:00:00,001,12-31,004001009,递延税项资产,2372000000.0,2021-12-31 00:00:00
09888.HK,09888,百度集团-SW,10088143,2021-12-31 00:00:00,001,12-31,004001011,长期应收款,3487000000.0,2021-12-31 00:00:00
09888.HK,09888,百度集团-SW,10088143,2021-12-31 00:00:00,001,12-31,004001017,长期投资,59418000000.0,2021-12-31 00:00:00
09888.HK,09888,百度集团-SW,10088143,2021-12-31 00:00:00,001,12-31,004001030,中长期存款,7914000000.0,2021-12-31 00:00:00
09888.HK,09888,百度集团-SW,10088143,2021-12-31 00:00:00,001,12-31,004001997,非流动资产其他项目,38949000000.0,2021-12-31 00:00:00
09888.HK,09888,百度集团-SW,10088143,2021-12-31 00:00:00,001,12-31,004001999,非流动资产合计,166719000000.0,2021-12-31 00:00:00
09888.HK,09888,百度集团-SW,10088143,2021-12-31 00:00:00,001,12-31,004002003,应收帐款,9981000000.0,2021-12-31 00:00:00
09888.HK,09888,百度集团-SW,10088143,2021-12-31 00:00:00,001,12-31,004002006,应收关联方款项,1368000000.0,2021-12-31 00:00:00
09888.HK,09888,百度集团-SW,10088143,2021-12-31 00:00:00,001,12-31,004002008,短期投资,143243000000.0,2021-12-31 00:00:00
09888.HK,09888,百度集团-SW,10088143,2021-12-31 00:00:00,001,12-31,004002009,受限制存款及现金,10821000000.0,2021-12-31 00:00:00
09888.HK,09888,百度集团-SW,10088143,2021-12-31 00:00:00,001,12-31,004002010,现金及等价物,36850000000.0,2021-12-31 00:00:00
09888.HK,09888,百度集团-SW,10088143,2021-12-31 00:00:00,001,12-31,004002997,流动资产其他项目,11052000000.0,2021-12-31 00:00:00
09888.HK,09888,百度集团-SW,10088143,2021-12-31 00:00:00,001,12-31,004002999,流动资产合计,213315000000.0,2021-12-31 00:00:00
09888.HK,09888,百度集团-SW,10088143,2021-12-31 00:00:00,001,12-31,004009999,总资产,380034000000.0,2021-12-31 00:00:00
09888.HK,09888,百度集团-SW,10088143,2021-12-31 00:00:00,001,12-31,004011001,应付帐款,41384000000.0,2021-12-31 00:00:00
09888.HK,09888,百度集团-SW,10088143,2021-12-31 00:00:00,001,12-31,004011002,应付票据,10505000000.0,2021-12-31 00:00:00
09888.HK,09888,百度集团-SW,10088143,2021-12-31 00:00:00,001,12-31,004011005,应付关联方款项(流动),1764000000.0,2021-12-31 00:00:00
09888.HK,09888,百度集团-SW,10088143,2021-12-31 00:00:00,001,12-31,004011006,融资租赁负债(流动),2862000000.0,2021-12-31 00:00:00
09888.HK,09888,百度集团-SW,10088143,2021-12-31 00:00:00,001,12-31,004011007,递延收入(流动),97000000.0,2021-12-31 00:00:00
09888.HK,09888,百度集团-SW,10088143,2021-12-31 00:00:00,001,12-31,004011009,预收款项,13706000000.0,2021-12-31 00:00:00
09888.HK,09888,百度集团-SW,10088143,2021-12-31 00:00:00,001,12-31,004011010,短期贷款,4170000000.0,2021-12-31 00:00:00
09888.HK,09888,百度集团-SW,10088143,2021-12-31 00:00:00,001,12-31,004011999,流动负债合计,74488000000.0,2021-12-31 00:00:00
09888.HK,09888,百度集团-SW,10088143,2021-12-31 00:00:00,001,12-31,004013999,净流动资产,138827000000.0,2021-12-31 00:00:00
09888.HK,09888,百度集团-SW,10088143,2021-12-31 00:00:00,001,12-31,004015999,总资产减流动负债,305546000000.0,2021-12-31 00:00:00
09888.HK,09888,百度集团-SW,10088143,2021-12-31 00:00:00,001,12-31,004020001,长期贷款,12629000000.0,2021-12-31 00:00:00
09888.HK,09888,百度集团-SW,10088143,2021-12-31 00:00:00,001,12-31,004020003,递延税项负债,3286000000.0,2021-12-31 00:00:00
09888.HK,09888,百度集团-SW,10088143,2021-12-31 00:00:00,001,12-31,004020004,应付关联方款项(非流动),3268000000.0,2021-12-31 00:00:00
09888.HK,09888,百度集团-SW,10088143,2021-12-31 00:00:00,001,12-31,004020005,融资租赁负债(非流动),5569000000.0,2021-12-31 00:00:00
09888.HK,09888,百度集团-SW,10088143,2021-12-31 00:00:00,001,12-31,004020006,递延收入(非流动),352000000.0,2021-12-31 00:00:00
09888.HK,09888,百度集团-SW,10088143,2021-12-31 00:00:00,001,12-31,004020007,可转换票据及债券,12652000000.0,2021-12-31 00:00:00
09888.HK,09888,百度集团-SW,10088143,2021-12-31 00:00:00,001,12-31,004020018,应付票据(非流动),43120000000.0,2021-12-31 00:00:00
09888.HK,09888,百度集团-SW,10088143,2021-12-31 00:00:00,001,12-31,004020997,非流动负债其他项目,718000000.0,2021-12-31 00:00:00
09888.HK,09888,百度集团-SW,10088143,2021-12-31 00:00:00,001,12-31,004020999,非流动负债合计,81594000000.0,2021-12-31 00:00:00
09888.HK,09888,百度集团-SW,10088143,2021-12-31 00:00:00,001,12-31,004025999,总负债,156082000000.0,2021-12-31 00:00:00
09888.HK,09888,百度集团-SW,10088143,2021-12-31 00:00:00,001,12-31,004027999,少数股东权益,12493000000.0,2021-12-31 00:00:00
09888.HK,09888,百度集团-SW,10088143,2021-12-31 00:00:00,001,12-31,004028999,净资产,223952000000.0,2021-12-31 00:00:00
09888.HK,09888,百度集团-SW,10088143,2021-12-31 00:00:00,001,12-31,004030001,股本,,2021-12-31 00:00:00
09888.HK,09888,百度集团-SW,10088143,2021-12-31 00:00:00,001,12-31,004030004,保留溢利(累计亏损),145160000000.0,2021-12-31 00:00:00
09888.HK,09888,百度集团-SW,10088143,2021-12-31 00:00:00,001,12-31,004030005,公积金,73888000000.0,2021-12-31 00:00:00
09888.HK,09888,百度集团-SW,10088143,2021-12-31 00:00:00,001,12-31,004030012,库存股,-7581000000.0,2021-12-31 00:00:00
09888.HK,09888,百度集团-SW,10088143,2021-12-31 00:00:00,001,12-31,004030013,其他综合性收益,-8000000.0,2021-12-31 00:00:00
09888.HK,09888,百度集团-SW,10088143,2021-12-31 00:00:00,001,12-31,004030999,股东权益,211459000000.0,2021-12-31 00:00:00
09888.HK,09888,百度集团-SW,10088143,2021-12-31 00:00:00,001,12-31,004036999,总权益,223952000000.0,2021-12-31 00:00:00
09888.HK,09888,百度集团-SW,10088143,2021-12-31 00:00:00,001,12-31,004037999,总权益及非流动负债,305546000000.0,2021-12-31 00:00:00
09888.HK,09888,百度集团-SW,10088143,2021-12-31 00:00:00,001,12-31,004039999,总权益及总负债,380034000000.0,2021-12-31 00:00:00
09888.HK,09888,百度集团-SW,10088143,2021-12-31 00:00:00,001,12-31,004060999,非运算项目,216804000000.0,2021-12-31 00:00:00
09888.HK,09888,百度集团-SW,10088143,2020-12-31 00:00:00,001,12-31,004001001,固定资产,17508000000.0,2020-12-31 00:00:00
09888.HK,09888,百度集团-SW,10088143,2020-12-31 00:00:00,001,12-31,004001004,无形资产,8457000000.0,2020-12-31 00:00:00
09888.HK,09888,百度集团-SW,10088143,2020-12-31 00:00:00,001,12-31,004001005,商誉,22248000000.0,2020-12-31 00:00:00
09888.HK,09888,百度集团-SW,10088143,2020-12-31 00:00:00,001,12-31,004001009,递延税项资产,1674000000.0,2020-12-31 00:00:00
09888.HK,09888,百度集团-SW,10088143,2020-12-31 00:00:00,001,12-31,004001011,长期应收款,3438000000.0,2020-12-31 00:00:00
09888.HK,09888,百度集团-SW,10088143,2020-12-31 00:00:00,001,12-31,004001017,长期投资,76233000000.0,2020-12-31 00:00:00
09888.HK,09888,百度集团-SW,10088143,2020-12-31 00:00:00,001,12-31,004001997,非流动资产其他项目,19808000000.0,2020-12-31 00:00:00
09888.HK,09888,百度集团-SW,10088143,2020-12-31 00:00:00,001,12-31,004001999,非流动资产合计,149366000000.0,2020-12-31 00:00:00
09888.HK,09888,百度集团-SW,10088143,2020-12-31 00:00:00,001,12-31,004002003,应收帐款,8668000000.0,2020-12-31 00:00:00
09888.HK,09888,百度集团-SW,10088143,2020-12-31 00:00:00,001,12-31,004002006,应收关联方款项,726000000.0,2020-12-31 00:00:00
09888.HK,09888,百度集团-SW,10088143,2020-12-31 00:00:00,001,12-31,004002008,短期投资,126402000000.0,2020-12-31 00:00:00
09888.HK,09888,百度集团-SW,10088143,2020-12-31 00:00:00,001,12-31,004002009,受限制存款及现金,758000000.0,2020-12-31 00:00:00
09888.HK,09888,百度集团-SW,10088143,2020-12-31 00:00:00,001,12-31,004002010,现金及等价物,35782000000.0,2020-12-31 00:00:00
09888.HK,09888,百度集团-SW,10088143,2020-12-31 00:00:00,001,12-31,004002997,流动资产其他项目,11006000000.0,2020-12-31 00:00:00
09888.HK,09888,百度集团-SW,10088143,2020-12-31 00:00:00,001,12-31,004002999,流动资产合计,183342000000.0,2020-12-31 00:00:00
09888.HK,09888,百度集团-SW,10088143,2020-12-31 00:00:00,001,12-31,004009999,总资产,332708000000.0,2020-12-31 00:00:00
09888.HK,09888,百度集团-SW,10088143,2020-12-31 00:00:00,001,12-31,004011001,应付帐款,36716000000.0,2020-12-31 00:00:00
09888.HK,09888,百度集团-SW,10088143,2020-12-31 00:00:00,001,12-31,004011002,应付票据,4752000000.0,2020-12-31 00:00:00
09888.HK,09888,百度集团-SW,10088143,2020-12-31 00:00:00,001,12-31,004011005,应付关联方款项(流动),1324000000.0,2020-12-31 00:00:00
09888.HK,09888,百度集团-SW,10088143,2020-12-31 00:00:00,001,12-31,004011006,融资租赁负债(流动),2366000000.0,2020-12-31 00:00:00
09888.HK,09888,百度集团-SW,10088143,2020-12-31 00:00:00,001,12-31,004011007,递延收入(流动),158000000.0,2020-12-31 00:00:00
09888.HK,09888,百度集团-SW,10088143,2020-12-31 00:00:00,001,12-31,004011009,预收款项,12626000000.0,2020-12-31 00:00:00
09888.HK,09888,百度集团-SW,10088143,2020-12-31 00:00:00,001,12-31,004011010,短期贷款,10443000000.0,2020-12-31 00:00:00
09888.HK,09888,百度集团-SW,10088143,2020-12-31 00:00:00,001,12-31,004011999,流动负债合计,68385000000.0,2020-12-31 00:00:00
09888.HK,09888,百度集团-SW,10088143,2020-12-31 00:00:00,001,12-31,004013999,净流动资产,114957000000.0,2020-12-31 00:00:00
09888.HK,09888,百度集团-SW,10088143,2020-12-31 00:00:00,001,12-31,004015999,总资产减流动负债,264323000000.0,2020-12-31 00:00:00
09888.HK,09888,百度集团-SW,10088143,2020-12-31 00:00:00,001,12-31,004020001,长期贷款,,2020-12-31 00:00:00
09888.HK,09888,百度集团-SW,10088143,2020-12-31 00:00:00,001,12-31,004020003,递延税项负债,3067000000.0,2020-12-31 00:00:00
09888.HK,09888,百度集团-SW,10088143,2020-12-31 00:00:00,001,12-31,004020004,应付关联方款项(非流动),3543000000.0,2020-12-31 00:00:00
09888.HK,09888,百度集团-SW,10088143,2020-12-31 00:00:00,001,12-31,004020005,融资租赁负债(非流动),4693000000.0,2020-12-31 00:00:00
09888.HK,09888,百度集团-SW,10088143,2020-12-31 00:00:00,001,12-31,004020006,递延收入(非流动),783000000.0,2020-12-31 00:00:00
09888.HK,09888,百度集团-SW,10088143,2020-12-31 00:00:00,001,12-31,004020007,可转换票据及债券,11927000000.0,2020-12-31 00:00:00
09888.HK,09888,百度集团-SW,10088143,2020-12-31 00:00:00,001,12-31,004020018,应付票据(非流动),48408000000.0,2020-12-31 00:00:00
09888.HK,09888,百度集团-SW,10088143,2020-12-31 00:00:00,001,12-31,004020997,非流动负债其他项目,59000000.0,2020-12-31 00:00:00
09888.HK,09888,百度集团-SW,10088143,2020-12-31 00:00:00,001,12-31,004020999,非流动负债合计,72480000000.0,2020-12-31 00:00:00
09888.HK,09888,百度集团-SW,10088143,2020-12-31 00:00:00,001,12-31,004025999,总负债,140865000000.0,2020-12-31 00:00:00
09888.HK,09888,百度集团-SW,10088143,2020-12-31 00:00:00,001,12-31,004027999,少数股东权益,9147000000.0,2020-12-31 00:00:00
09888.HK,09888,百度集团-SW,10088143,2020-12-31 00:00:00,001,12-31,004028999,净资产,191843000000.0,2020-12-31 00:00:00
09888.HK,09888,百度集团-SW,10088143,2020-12-31 00:00:00,001,12-31,004030004,保留溢利(累计亏损),135284000000.0,2020-12-31 00:00:00
09888.HK,09888,百度集团-SW,10088143,2020-12-31 00:00:00,001,12-31,004030005,公积金,47213000000.0,2020-12-31 00:00:00
09888.HK,09888,百度集团-SW,10088143,2020-12-31 00:00:00,001,12-31,004030012,库存股,,2020-12-31 00:00:00
09888.HK,09888,百度集团-SW,10088143,2020-12-31 00:00:00,001,12-31,004030013,其他综合性收益,199000000.0,2020-12-31 00:00:00
09888.HK,09888,百度集团-SW,10088143,2020-12-31 00:00:00,001,12-31,004030999,股东权益,182696000000.0,2020-12-31 00:00:00
09888.HK,09888,百度集团-SW,10088143,2020-12-31 00:00:00,001,12-31,004036999,总权益,191843000000.0,2020-12-31 00:00:00
09888.HK,09888,百度集团-SW,10088143,2020-12-31 00:00:00,001,12-31,004037999,总权益及非流动负债,264323000000.0,2020-12-31 00:00:00
09888.HK,09888,百度集团-SW,10088143,2020-12-31 00:00:00,001,12-31,004039999,总权益及总负债,332708000000.0,2020-12-31 00:00:00
09888.HK,09888,百度集团-SW,10088143,2020-12-31 00:00:00,001,12-31,004060999,非运算项目,188741000000.0,2020-12-31 00:00:00
09888.HK,09888,百度集团-SW,10088143,2019-12-31 00:00:00,001,12-31,004001001,固定资产,18311000000.0,2019-12-31 00:00:00
09888.HK,09888,百度集团-SW,10088143,2019-12-31 00:00:00,001,12-31,004001004,无形资产,7887000000.0,2019-12-31 00:00:00
09888.HK,09888,百度集团-SW,10088143,2019-12-31 00:00:00,001,12-31,004001005,商誉,18250000000.0,2019-12-31 00:00:00
09888.HK,09888,百度集团-SW,10088143,2019-12-31 00:00:00,001,12-31,004001009,递延税项资产,2193000000.0,2019-12-31 00:00:00
09888.HK,09888,百度集团-SW,10088143,2019-12-31 00:00:00,001,12-31,004001011,长期应收款,3564000000.0,2019-12-31 00:00:00
09888.HK,09888,百度集团-SW,10088143,2019-12-31 00:00:00,001,12-31,004001017,长期投资,69410000000.0,2019-12-31 00:00:00
09888.HK,09888,百度集团-SW,10088143,2019-12-31 00:00:00,001,12-31,004001997,非流动资产其他项目,16139000000.0,2019-12-31 00:00:00
09888.HK,09888,百度集团-SW,10088143,2019-12-31 00:00:00,001,12-31,004001999,非流动资产合计,135754000000.0,2019-12-31 00:00:00
09888.HK,09888,百度集团-SW,10088143,2019-12-31 00:00:00,001,12-31,004002003,应收帐款,7416000000.0,2019-12-31 00:00:00
09888.HK,09888,百度集团-SW,10088143,2019-12-31 00:00:00,001,12-31,004002006,应收关联方款项,1594000000.0,2019-12-31 00:00:00
09888.HK,09888,百度集团-SW,10088143,2019-12-31 00:00:00,001,12-31,004002008,短期投资,112924000000.0,2019-12-31 00:00:00
09888.HK,09888,百度集团-SW,10088143,2019-12-31 00:00:00,001,12-31,004002009,受限制存款及现金,996000000.0,2019-12-31 00:00:00
09888.HK,09888,百度集团-SW,10088143,2019-12-31 00:00:00,001,12-31,004002010,现金及等价物,33443000000.0,2019-12-31 00:00:00
09888.HK,09888,百度集团-SW,10088143,2019-12-31 00:00:00,001,12-31,004002997,流动资产其他项目,9189000000.0,2019-12-31 00:00:00
09888.HK,09888,百度集团-SW,10088143,2019-12-31 00:00:00,001,12-31,004002999,流动资产合计,165562000000.0,2019-12-31 00:00:00
09888.HK,09888,百度集团-SW,10088143,2019-12-31 00:00:00,001,12-31,004009999,总资产,301316000000.0,2019-12-31 00:00:00
09888.HK,09888,百度集团-SW,10088143,2019-12-31 00:00:00,001,12-31,004011001,应付帐款,32701000000.0,2019-12-31 00:00:00
09888.HK,09888,百度集团-SW,10088143,2019-12-31 00:00:00,001,12-31,004011002,应付票据,5219000000.0,2019-12-31 00:00:00
09888.HK,09888,百度集团-SW,10088143,2019-12-31 00:00:00,001,12-31,004011005,应付关联方款项(流动),2231000000.0,2019-12-31 00:00:00
09888.HK,09888,百度集团-SW,10088143,2019-12-31 00:00:00,001,12-31,004011006,融资租赁负债(流动),2283000000.0,2019-12-31 00:00:00
09888.HK,09888,百度集团-SW,10088143,2019-12-31 00:00:00,001,12-31,004011007,递延收入(流动),529000000.0,2019-12-31 00:00:00
09888.HK,09888,百度集团-SW,10088143,2019-12-31 00:00:00,001,12-31,004011009,预收款项,11062000000.0,2019-12-31 00:00:00
09888.HK,09888,百度集团-SW,10088143,2019-12-31 00:00:00,001,12-31,004011010,短期贷款,3355000000.0,2019-12-31 00:00:00
09888.HK,09888,百度集团-SW,10088143,2019-12-31 00:00:00,001,12-31,004011999,流动负债合计,57380000000.0,2019-12-31 00:00:00
09888.HK,09888,百度集团-SW,10088143,2019-12-31 00:00:00,001,12-31,004013999,净流动资产,108182000000.0,2019-12-31 00:00:00
09888.HK,09888,百度集团-SW,10088143,2019-12-31 00:00:00,001,12-31,004015999,总资产减流动负债,243936000000.0,2019-12-31 00:00:00
09888.HK,09888,百度集团-SW,10088143,2019-12-31 00:00:00,001,12-31,004016999,总资产减总负债合计,172815000000.0,2019-12-31 00:00:00
09888.HK,09888,百度集团-SW,10088143,2019-12-31 00:00:00,001,12-31,004020001,长期贷款,7804000000.0,2019-12-31 00:00:00
09888.HK,09888,百度集团-SW,10088143,2019-12-31 00:00:00,001,12-31,004020003,递延税项负债,3273000000.0,2019-12-31 00:00:00
09888.HK,09888,百度集团-SW,10088143,2019-12-31 00:00:00,001,12-31,004020004,应付关联方款项(非流动),3846000000.0,2019-12-31 00:00:00
09888.HK,09888,百度集团-SW,10088143,2019-12-31 00:00:00,001,12-31,004020005,融资租赁负债(非流动),4486000000.0,2019-12-31 00:00:00
09888.HK,09888,百度集团-SW,10088143,2019-12-31 00:00:00,001,12-31,004020006,递延收入(非流动),1026000000.0,2019-12-31 00:00:00
09888.HK,09888,百度集团-SW,10088143,2019-12-31 00:00:00,001,12-31,004020007,可转换票据及债券,12297000000.0,2019-12-31 00:00:00
09888.HK,09888,百度集团-SW,10088143,2019-12-31 00:00:00,001,12-31,004020018,应付票据(非流动),38090000000.0,2019-12-31 00:00:00
09888.HK,09888,百度集团-SW,10088143,2019-12-31 00:00:00,001,12-31,004020997,非流动负债其他项目,299000000.0,2019-12-31 00:00:00
09888.HK,09888,百度集团-SW,10088143,2019-12-31 00:00:00,001,12-31,004020999,非流动负债合计,71121000000.0,2019-12-31 00:00:00
09888.HK,09888,百度集团-SW,10088143,2019-12-31 00:00:00,001,12-31,004025999,总负债,128501000000.0,2019-12-31 00:00:00
09888.HK,09888,百度集团-SW,10088143,2019-12-31 00:00:00,001,12-31,004027999,少数股东权益,9216000000.0,2019-12-31 00:00:00
09888.HK,09888,百度集团-SW,10088143,2019-12-31 00:00:00,001,12-31,004028999,净资产,172815000000.0,2019-12-31 00:00:00
09888.HK,09888,百度集团-SW,10088143,2019-12-31 00:00:00,001,12-31,004030004,保留溢利(累计亏损),126268000000.0,2019-12-31 00:00:00
09888.HK,09888,百度集团-SW,10088143,2019-12-31 00:00:00,001,12-31,004030005,公积金,38714000000.0,2019-12-31 00:00:00
09888.HK,09888,百度集团-SW,10088143,2019-12-31 00:00:00,001,12-31,004030013,其他综合性收益,-1383000000.0,2019-12-31 00:00:00
09888.HK,09888,百度集团-SW,10088143,2019-12-31 00:00:00,001,12-31,004030999,股东权益,163599000000.0,2019-12-31 00:00:00
09888.HK,09888,百度集团-SW,10088143,2019-12-31 00:00:00,001,12-31,004036999,总权益,172815000000.0,2019-12-31 00:00:00
09888.HK,09888,百度集团-SW,10088143,2019-12-31 00:00:00,001,12-31,004037999,总权益及非流动负债,243936000000.0,2019-12-31 00:00:00
09888.HK,09888,百度集团-SW,10088143,2019-12-31 00:00:00,001,12-31,004039999,总权益及总负债,301316000000.0,2019-12-31 00:00:00
09888.HK,09888,百度集团-SW,10088143,2019-12-31 00:00:00,001,12-31,004060999,非运算项目,171706000000.0,2019-12-31 00:00:00
09888.HK,09888,百度集团-SW,10088143,2018-12-31 00:00:00,001,12-31,004001001,固定资产,17903000000.0,2018-12-31 00:00:00
09888.HK,09888,百度集团-SW,10088143,2018-12-31 00:00:00,001,12-31,004001004,无形资产,9181000000.0,2018-12-31 00:00:00
09888.HK,09888,百度集团-SW,10088143,2018-12-31 00:00:00,001,12-31,004001005,商誉,18536000000.0,2018-12-31 00:00:00
09888.HK,09888,百度集团-SW,10088143,2018-12-31 00:00:00,001,12-31,004001009,递延税项资产,2324000000.0,2018-12-31 00:00:00
09888.HK,09888,百度集团-SW,10088143,2018-12-31 00:00:00,001,12-31,004001011,长期应收款,4297000000.0,2018-12-31 00:00:00
09888.HK,09888,百度集团-SW,10088143,2018-12-31 00:00:00,001,12-31,004001017,长期投资,80454000000.0,2018-12-31 00:00:00
09888.HK,09888,百度集团-SW,10088143,2018-12-31 00:00:00,001,12-31,004001997,非流动资产其他项目,9777000000.0,2018-12-31 00:00:00
09888.HK,09888,百度集团-SW,10088143,2018-12-31 00:00:00,001,12-31,004001999,非流动资产合计,142472000000.0,2018-12-31 00:00:00
09888.HK,09888,百度集团-SW,10088143,2018-12-31 00:00:00,001,12-31,004002003,应收帐款,6015000000.0,2018-12-31 00:00:00
09888.HK,09888,百度集团-SW,10088143,2018-12-31 00:00:00,001,12-31,004002006,应收关联方款项,785000000.0,2018-12-31 00:00:00
09888.HK,09888,百度集团-SW,10088143,2018-12-31 00:00:00,001,12-31,004002008,短期投资,111626000000.0,2018-12-31 00:00:00
09888.HK,09888,百度集团-SW,10088143,2018-12-31 00:00:00,001,12-31,004002009,受限制存款及现金,2189000000.0,2018-12-31 00:00:00
09888.HK,09888,百度集团-SW,10088143,2018-12-31 00:00:00,001,12-31,004002010,现金及等价物,27638000000.0,2018-12-31 00:00:00
09888.HK,09888,百度集团-SW,10088143,2018-12-31 00:00:00,001,12-31,004002997,流动资产其他项目,6841000000.0,2018-12-31 00:00:00
09888.HK,09888,百度集团-SW,10088143,2018-12-31 00:00:00,001,12-31,004002999,流动资产合计,155094000000.0,2018-12-31 00:00:00
09888.HK,09888,百度集团-SW,10088143,2018-12-31 00:00:00,001,12-31,004009999,总资产,297566000000.0,2018-12-31 00:00:00
09888.HK,09888,百度集团-SW,10088143,2018-12-31 00:00:00,001,12-31,004011001,应付帐款,35381000000.0,2018-12-31 00:00:00
09888.HK,09888,百度集团-SW,10088143,2018-12-31 00:00:00,001,12-31,004011002,应付票据,6871000000.0,2018-12-31 00:00:00
09888.HK,09888,百度集团-SW,10088143,2018-12-31 00:00:00,001,12-31,004011005,应付关联方款项(流动),1727000000.0,2018-12-31 00:00:00
09888.HK,09888,百度集团-SW,10088143,2018-12-31 00:00:00,001,12-31,004011006,融资租赁负债(流动),,2018-12-31 00:00:00
09888.HK,09888,百度集团-SW,10088143,2018-12-31 00:00:00,001,12-31,004011007,递延收入(流动),523000000.0,2018-12-31 00:00:00
09888.HK,09888,百度集团-SW,10088143,2018-12-31 00:00:00,001,12-31,004011009,预收款项,9221000000.0,2018-12-31 00:00:00
09888.HK,09888,百度集团-SW,10088143,2018-12-31 00:00:00,001,12-31,004011010,短期贷款,3130000000.0,2018-12-31 00:00:00
09888.HK,09888,百度集团-SW,10088143,2018-12-31 00:00:00,001,12-31,004011999,流动负债合计,56853000000.0,2018-12-31 00:00:00
09888.HK,09888,百度集团-SW,10088143,2018-12-31 00:00:00,001,12-31,004013999,净流动资产,98241000000.0,2018-12-31 00:00:00
09888.HK,09888,百度集团-SW,10088143,2018-12-31 00:00:00,001,12-31,004015999,总资产减流动负债,240713000000.0,2018-12-31 00:00:00
09888.HK,09888,百度集团-SW,10088143,2018-12-31 00:00:00,001,12-31,004016999,总资产减总负债合计,175752000000.0,2018-12-31 00:00:00
09888.HK,09888,百度集团-SW,10088143,2018-12-31 00:00:00,001,12-31,004020001,长期贷款,7456000000.0,2018-12-31 00:00:00
09888.HK,09888,百度集团-SW,10088143,2018-12-31 00:00:00,001,12-31,004020003,递延税项负债,4099000000.0,2018-12-31 00:00:00
09888.HK,09888,百度集团-SW,10088143,2018-12-31 00:00:00,001,12-31,004020004,应付关联方款项(非流动),4360000000.0,2018-12-31 00:00:00
09888.HK,09888,百度集团-SW,10088143,2018-12-31 00:00:00,001,12-31,004020005,融资租赁负债(非流动),,2018-12-31 00:00:00
09888.HK,09888,百度集团-SW,10088143,2018-12-31 00:00:00,001,12-31,004020006,递延收入(非流动),1363000000.0,2018-12-31 00:00:00
09888.HK,09888,百度集团-SW,10088143,2018-12-31 00:00:00,001,12-31,004020007,可转换票据及债券,4712000000.0,2018-12-31 00:00:00
09888.HK,09888,百度集团-SW,10088143,2018-12-31 00:00:00,001,12-31,004020018,应付票据(非流动),42735000000.0,2018-12-31 00:00:00
09888.HK,09888,百度集团-SW,10088143,2018-12-31 00:00:00,001,12-31,004020997,非流动负债其他项目,236000000.0,2018-12-31 00:00:00
09888.HK,09888,百度集团-SW,10088143,2018-12-31 00:00:00,001,12-31,004020999,非流动负债合计,64961000000.0,2018-12-31 00:00:00
09888.HK,09888,百度集团-SW,10088143,2018-12-31 00:00:00,001,12-31,004025999,总负债,121814000000.0,2018-12-31 00:00:00
09888.HK,09888,百度集团-SW,10088143,2018-12-31 00:00:00,001,12-31,004027999,少数股东权益,12855000000.0,2018-12-31 00:00:00
09888.HK,09888,百度集团-SW,10088143,2018-12-31 00:00:00,001,12-31,004028999,净资产,175752000000.0,2018-12-31 00:00:00
09888.HK,09888,百度集团-SW,10088143,2018-12-31 00:00:00,001,12-31,004030004,保留溢利(累计亏损),129246000000.0,2018-12-31 00:00:00
09888.HK,09888,百度集团-SW,10088143,2018-12-31 00:00:00,001,12-31,004030005,公积金,33441000000.0,2018-12-31 00:00:00
09888.HK,09888,百度集团-SW,10088143,2018-12-31 00:00:00,001,12-31,004030013,其他综合性收益,210000000.0,2018-12-31 00:00:00
09888.HK,09888,百度集团-SW,10088143,2018-12-31 00:00:00,001,12-31,004030999,股东权益,162897000000.0,2018-12-31 00:00:00
09888.HK,09888,百度集团-SW,10088143,2018-12-31 00:00:00,001,12-31,004036999,总权益,175752000000.0,2018-12-31 00:00:00
09888.HK,09888,百度集团-SW,10088143,2018-12-31 00:00:00,001,12-31,004037999,总权益及非流动负债,240713000000.0,2018-12-31 00:00:00
09888.HK,09888,百度集团-SW,10088143,2018-12-31 00:00:00,001,12-31,004039999,总权益及总负债,297566000000.0,2018-12-31 00:00:00
09888.HK,09888,百度集团-SW,10088143,2018-12-31 00:00:00,001,12-31,004060999,非运算项目,175036000000.0,2018-12-31 00:00:00
